date,close,color,ema5,ema10,ema15,ema20,bbu,bbm,bbl,mom5,mom10,macd,macdsignal,macdhist,rsi
4/22/2019,1277.6,1,1280.865179,1286.749056,1290.167027,1292.601439,1293.162386,1281.593877,1270.025368,-17.6,-18,-5.963569687,-1.927403489,-4.036166198,40.4511137
4/23/2019,1273.2,0,1278.310119,1284.285591,1288.046148,1290.753683,1281.265811,1278.12231,1274.978809,-18.1,-28.7,-6.768303776,-2.895583546,-3.87272023,38.14181592
4/24/2019,1279.4,0,1278.673413,1283.397302,1286.96538,1289.67238,1280.190498,1276.111282,1272.032066,2.2,-28.9,-6.827074886,-3.681881814,-3.145193072,43.07342043
4/25/2019,1279.7,0,1279.015608,1282.725065,1286.057207,1288.722629,1280.192548,1275.401891,1270.611233,2.9,-34.2,-6.77138758,-4.299782967,-2.471604613,43.30893616
4/26/2019,1288.8,1,1282.277072,1283.829599,1286.400056,1288.729998,1286.790823,1276.610371,1266.429919,12.8,-4.5,-5.924665188,-4.624759411,-1.299905777,50.05843885
4/29/2019,1284.5,0,1283.018048,1283.95149,1286.162549,1288.327141,1288.994761,1278.48351,1267.972259,6.9,-10.7,-5.53678109,-4.807163747,-0.729617343,47.19887026
4/30/2019,1288.6,1,1284.878699,1284.796674,1286.467231,1288.353127,1289.018895,1280.826215,1272.633535,15.4,-2.7,-4.842720545,-4.814275107,-0.028445438,50.12444402
5/1/2019,1287.2,1,1285.652466,1285.233642,1286.558827,1288.243306,1289.817278,1283.023634,1276.22999,7.8,10,-4.355434129,-4.722506911,0.367072782,49.12355373
5/2/2019,1275,0,1282.101644,1283.37298,1285.113974,1286.982039,1293.663357,1283.374411,1273.085466,-4.7,-1.8,-4.897241818,-4.757453893,-0.139787926,41.37093055
5/3/2019,1284.3,0,1282.834429,1283.541529,1285.012227,1286.726606,1292.850797,1283.355198,1273.859599,-4.5,8.3,-4.524045657,-4.710772245,0.186726589,48.09559908
5/6/2019,1286.9,0,1284.18962,1284.15216,1285.248198,1286.74312,1293.502623,1283.700583,1273.898542,2.4,9.3,-3.972692019,-4.5631562,0.590464181,49.82817727
5/7/2019,1288.6,1,1285.659746,1284.960858,1285.667174,1286.919966,1294.365399,1284.563358,1274.761318,0,15.4,-3.359834416,-4.322491843,0.962657427,50.98035397
5/8/2019,1284.4,0,1285.239831,1284.858884,1285.508777,1286.679969,1294.591105,1285.180813,1275.770521,-2.8,5,-3.176429349,-4.093279344,0.916849995,48.04479629
5/9/2019,1288.2,0,1286.226554,1285.46636,1285.84518,1286.824734,1289.540087,1285.884078,1282.228069,13.2,8.5,-2.693403392,-3.813304154,1.119900762,50.8049193
5/10/2019,1290.2,0,1287.551036,1286.327022,1286.389532,1287.146188,1290.739189,1286.857746,1282.976303,5.9,1.4,-2.124726037,-3.475588531,1.350862493,52.24294937
5/13/2019,1304.7,1,1293.267357,1289.667563,1288.678341,1288.817979,1303.622692,1289.615608,1275.608524,17.8,20.2,-0.498272542,-2.880125333,2.381852791,61.11711382
5/14/2019,1299,0,1295.178238,1291.36437,1289.968548,1289.787696,1307.659008,1292.765251,1277.871494,10.4,10.4,0.326991849,-2.238701897,2.565693746,56.65995855
5/15/2019,1300.5,1,1296.952159,1293.025393,1291.28498,1290.807915,1308.31076,1295.722893,1283.135026,16.1,13.3,1.089498231,-1.573061871,2.662560102,57.53756718
5/16/2019,1289.4,1,1294.434773,1292.366231,1291.049357,1290.673828,1308.812055,1296.837014,1284.861973,1.2,14.4,0.789017497,-1.100645997,1.889663494,49.54275729
5/17/2019,1278.9,0,1289.256515,1289.917825,1289.530688,1289.552511,1313.717603,1295.1777,1276.637797,-11.3,-5.4,-0.293000372,-0.939116872,0.6461165,43.39957843
5/20/2019,1280.3,1,1286.27101,1288.16913,1288.376852,1288.671319,1310.075293,1292.004588,1273.933882,-24.4,-6.6,-1.025715222,-0.956436542,-0.06927868,44.38970699
5/21/2019,1276.2,0,1282.914007,1285.992924,1286.854745,1287.483575,1305.808176,1288.00184,1270.195504,-22.8,-12.4,-1.915156028,-1.14818044,-0.766975589,42.06872496
5/22/2019,1277.1,0,1280.976004,1284.376029,1285.635402,1286.494663,1293.602947,1284.146182,1274.689417,-23.4,-7.3,-2.518391349,-1.422222621,-1.096168728,42.77603655
5/23/2019,1288.4,1,1283.45067,1285.10766,1285.980977,1286.676124,1290.981999,1282.284965,1273.587931,-1,0.2,-2.060887496,-1.549955596,-0.5109319,50.88447287
5/24/2019,1286.4,1,1284.43378,1285.342631,1286.033355,1286.649826,1291.744378,1281.932222,1272.120066,7.5,-3.8,-1.838502569,-1.607664991,-0.230837578,49.54631674
5/27/2019,1277.1,0,1281.989187,1283.843971,1284.916685,1285.740319,1291.834552,1281.351346,1270.86814,-3.2,-27.6,-2.38519811,-1.763171615,-0.622026495,43.78074606
5/28/2019,1280.1,0,1281.359458,1283.163249,1284.3146,1285.203146,1290.188741,1280.731976,1271.275211,3.9,-18.9,-2.547022843,-1.91994186,-0.627080982,45.96512542
5/29/2019,1283.7,0,1282.139638,1283.26084,1284.237775,1285.059989,1288.839299,1280.625554,1272.41181,6.6,-16.8,-2.357603214,-2.007474131,-0.350129083,48.54861086
5/30/2019,1292.4,0,1285.559759,1284.922505,1285.258053,1285.759038,1292.523809,1281.970629,1271.417449,4,3,-1.488313154,-1.903641936,0.415328781,54.24234362
5/31/2019,1311.1,0,1294.073173,1289.68205,1288.488296,1288.172463,1310.89153,1286.416105,1261.940681,24.7,32.2,0.701453281,-1.382622892,2.084076174,63.57331166
6/3/2019,1327.9,0,1305.348782,1296.630768,1293.414759,1291.956038,1330.492735,1294.531957,1258.571178,50.8,47.6,3.749259426,-0.356246429,4.105505855,69.57583613
6/4/2019,1328.7,0,1313.132521,1302.461538,1297.825414,1295.455463,1340.691821,1304.194457,1267.697093,48.6,52.5,6.158232794,0.946649416,5.211583378,69.83077951
6/5/2019,1333.6,0,1319.955014,1308.123076,1302.297238,1299.088276,1344.34314,1313.931405,1283.519671,49.9,56.5,8.36630899,2.430581331,5.935727659,71.41099009
6/6/2019,1342.7,0,1327.536676,1314.40979,1307.347583,1303.241773,1344.05276,1323.454508,1302.856256,50.3,54.3,10.72686659,4.089838383,6.637028208,74.12188969
6/7/2019,1346.1,1,1333.724451,1320.171646,1312.191635,1307.323509,1346.889315,1332.155409,1317.421502,35,59.7,12.72528788,5.816928283,6.908359601,75.07294864
6/10/2019,1329.3,0,1332.249634,1321.831347,1314.330181,1309.416508,1351.486206,1337.321235,1323.156264,1.4,52.2,12.80581411,7.214705448,5.591108659,62.79289108
6/11/2019,1331.2,0,1331.899756,1323.534738,1316.438908,1311.491126,1352.710976,1339.477443,1326.24391,2.5,51.1,12.8745362,8.346671598,4.527864602,63.51967389
6/12/2019,1336.8,0,1333.533171,1325.946604,1318.984045,1313.901495,1353.193173,1340.292692,1327.392212,3.2,53.1,13.22838358,9.323013995,3.905369587,65.64943878
6/13/2019,1343.7,0,1336.922114,1329.174494,1322.073539,1316.739448,1354.533341,1341.273235,1328.01313,1,51.3,13.90529098,10.23946939,3.665821585,68.11916275
6/14/2019,1344.5,1,1339.448076,1331.96095,1324.876847,1319.38331,1355.024529,1342.564673,1330.104818,-1.6,33.4,14.34098434,11.05977238,3.281211957,68.4028165
6/17/2019,1342.9,0,1340.598717,1333.949868,1327.129741,1321.622995,1353.885145,1343.692284,1333.499424,13.6,15,14.39127419,11.72607274,2.665201445,67.11663091
6/18/2019,1350.7,1,1343.965811,1336.995347,1330.076023,1324.392234,1354.227968,1345.378651,1336.529335,19.5,22,14.88889416,12.35863703,2.530257137,70.07110163
6/19/2019,1348.8,0,1345.577208,1339.141647,1332.41652,1326.716783,1353.2287,1347.096294,1340.963888,12,15.2,14.9575264,12.8784149,2.079111503,68.45760245
6/20/2019,1396.9,0,1362.684805,1349.643166,1340.476955,1333.400899,1394.67093,1354.137368,1313.603807,53.2,54.2,18.677879,14.03830772,4.639571278,80.62241833
6/21/2019,1400.1,0,1375.156537,1358.817136,1347.929836,1339.753194,1415.270529,1364.963567,1314.656606,55.6,54,21.6351025,15.55766668,6.07743582,81.1434483
6/24/2019,1418.2,0,1389.504358,1369.61402,1356.713606,1347.224318,1434.83155,1378.706176,1322.580802,75.3,88.9,25.14933626,17.47600059,7.673335669,83.7972325
6/25/2019,1418.7,1,1399.236239,1378.538744,1364.461906,1354.031526,1443.609878,1392.602961,1341.596044,68,87.5,27.65593723,19.51198792,8.143949311,83.86478698
6/26/2019,1415.4,1,1404.624159,1385.24079,1370.829167,1359.876143,1422.965677,1404.169678,1385.373678,66.6,78.6,29.04138315,21.41786697,7.623516185,81.45104834
6/27/2019,1414.9,0,1408.049439,1390.633374,1376.338021,1365.11651,1426.217644,1412.528174,1398.838703,18,71.2,29.75600451,23.08549448,6.670510031,81.07032173
6/28/2019,1416.7,1,1410.93296,1395.37276,1381.383269,1370.029223,1421.03351,1418.047141,1415.060772,16.6,72.2,30.12038301,24.49247218,5.627910827,81.40725756
7/1/2019,1392.4,0,1404.755306,1394.832259,1382.76036,1372.159774,1437.820393,1418.421671,1399.02295,-25.8,49.5,28.12415098,25.21880794,2.905343035,64.67180691
7/2/2019,1411.2,0,1406.903538,1397.808212,1386.315315,1375.87789,1435.43619,1417.343363,1399.250535,-7.5,60.5,27.73936347,25.72291905,2.016444426,69.83800048
7/3/2019,1424.2,1,1412.669025,1402.606719,1391.050901,1380.479996,1438.877249,1417.6345,1396.391751,8.8,75.4,28.15881072,26.21009738,1.948713337,72.80002064
7/4/2019,1400.1,0,1408.47935,1402.150952,1392.182038,1382.348568,1439.153145,1416.35125,1393.549355,-14.8,3.2,26.24403223,26.21688435,0.027147877,60.866592
7/5/2019,1403.4,1,1406.786233,1402.378051,1393.584283,1384.353466,1435.649389,1414.025846,1392.402303,-13.3,3.3,24.70802022,25.91511153,-1.207091303,61.79020498
7/8/2019,1403.3,0,1405.624156,1402.545678,1394.798748,1386.157898,1428.735062,1411.359861,1393.98466,10.9,-14.9,23.21504192,25.37509761,-2.160055681,61.74264974
7/9/2019,1403.9,0,1405.049437,1402.791919,1395.936404,1387.847622,1426.362854,1408.933959,1391.505063,-7.3,-14.8,21.82863395,24.66580487,-2.837170925,61.93196044
7/10/2019,1415.8,1,1408.632958,1405.157024,1398.419354,1390.509753,1419.218662,1408.379474,1397.540286,-8.4,0.4,21.44294526,24.02123295,-2.57828769,65.57083565
7/11/2019,1410,0,1409.088639,1406.037565,1399.866935,1392.365967,1418.507893,1408.616159,1398.724425,9.9,-4.9,20.4337254,23.30373144,-2.870006038,62.43811171
7/12/2019,1415.9,0,1411.359092,1407.830735,1401.871068,1394.607304,1420.743,1409.777308,1398.811616,12.5,-0.8,19.88081839,22.61914883,-2.738330443,64.30626334
7/15/2019,1417.3,1,1413.339395,1409.55242,1403.799684,1396.768513,1421.580177,1411.553492,1401.526808,14,24.9,19.33274801,21.96186867,-2.629120657,64.75421648
7/16/2019,1415,0,1413.89293,1410.542889,1405.199724,1398.504845,1418.202854,1413.179707,1408.156561,11.1,3.8,18.49955614,21.26940616,-2.769850021,63.3476649
7/17/2019,1427.2,0,1418.32862,1413.571455,1407.949758,1401.237717,1427.075067,1415.821339,1404.567611,11.4,3,18.60916871,20.73735867,-2.128189962,67.39350244
7/18/2019,1431.9,1,1422.852413,1416.903917,1410.943539,1404.157934,1433.175102,1419.554764,1405.934426,21.9,31.8,18.85790598,20.36146813,-1.503562155,68.82136561
7/19/2019,1430.1,0,1425.268276,1419.303205,1413.338096,1406.628607,1437.062576,1423.342517,1409.622459,14.2,26.7,18.69429095,20.0280327,-1.333741746,67.60043423
7/22/2019,1430.7,1,1427.07885,1421.37535,1415.508334,1408.921121,1438.997404,1426.624919,1414.252433,13.4,27.4,18.40092543,19.70261124,-1.301685811,67.80546243
7/23/2019,1425.5,0,1426.552567,1422.125286,1416.757292,1410.500062,1433.258592,1428.528434,1423.798275,10.5,21.6,17.54656868,19.27140273,-1.724834048,64.02404775
7/24/2019,1427.4,1,1426.835045,1423.084325,1418.087631,1412.10958,1434.110318,1429.441442,1424.772567,0.2,11.6,16.82880691,18.78288357,-1.954076654,64.79656747
7/25/2019,1418,0,1423.89003,1422.159902,1418.076677,1412.670572,1437.760467,1428.615763,1419.47106,-13.9,8,15.32481912,18.09127068,-2.766451554,58.14438719
7/26/2019,1423.5,0,1423.76002,1422.403556,1418.754592,1413.701946,1435.786213,1427.312819,1418.839426,-6.6,7.6,14.41058574,17.35513369,-2.944547952,60.68748112
7/29/2019,1424.3,0,1423.940013,1422.748364,1419.447768,1414.711285,1432.483196,1426.170542,1419.857888,-6.4,7,13.59390048,16.60288705,-3.008986565,61.05810868
7/30/2019,1435.8,1,1427.893342,1425.121389,1421.491797,1416.719734,1438.384664,1426.690563,1414.996461,10.3,20.8,13.71651004,16.02561165,-2.309101609,66.0177624
7/31/2019,1431.8,1,1429.195561,1426.335682,1422.780323,1418.15595,1440.618969,1427.953804,1415.288639,4.4,4.6,13.33716983,15.48792328,-2.150753454,63.01167123
8/1/2019,1426.5,0,1428.297041,1426.365558,1423.245282,1418.950621,1438.139848,1428.727176,1419.314504,8.5,-5.4,12.4651834,14.88337531,-2.418191906,59.16731379
8/2/2019,1451.6,0,1436.064694,1430.953638,1426.789622,1422.060086,1451.172646,1431.819506,1412.466367,28.1,21.5,13.64222898,14.63514604,-0.992917061,68.85761314
8/5/2019,1470.6,0,1447.576463,1438.162068,1432.265919,1426.682935,1470.778614,1438.717273,1406.655931,46.3,39.9,15.92461821,14.89304048,1.031577732,73.90582308
8/6/2019,1478.3,0,1457.817642,1445.459874,1438.020179,1431.598846,1489.283502,1448.33659,1407.389678,42.5,52.8,18.14558278,15.54354894,2.602033843,75.62992964
8/7/2019,1513.2,1,1476.278428,1457.77626,1447.417657,1439.370384,1520.029968,1462.430718,1404.831468,81.4,85.8,22.46291305,16.92742176,5.535491293,81.57283082
8/8/2019,1503.1,1,1485.218952,1466.01694,1454.37795,1445.439871,1521.362301,1476.84523,1432.328159,76.6,85.1,24.78375115,18.49868764,6.285063514,75.81107301
8/9/2019,1502,0,1490.812635,1472.559315,1460.330706,1450.82655,1521.328022,1488.980757,1456.633491,50.4,78.5,26.2318864,20.04532739,6.186559011,75.18817775
8/12/2019,1510.9,1,1497.508423,1479.530348,1466.651868,1456.547831,1523.725657,1498.966012,1474.206368,40.3,86.6,27.77749793,21.5917615,6.185736436,76.84583061
8/13/2019,1507.9,0,1500.972282,1484.688467,1471.807884,1461.438514,1514.872264,1506.210255,1497.548246,29.6,72.1,28.43257822,22.95992484,5.472653376,75.02627947
8/14/2019,1521.6,0,1507.848188,1491.399655,1478.031899,1467.168179,1526.517451,1512.450753,1498.384054,8.4,89.8,29.71467727,24.31087533,5.403801938,77.63107194
8/15/2019,1525.1,1,1513.598792,1497.52699,1483.915411,1472.685496,1535.29178,1518.074579,1500.857378,22,98.6,30.6597443,25.58064912,5.079095177,78.25506555
8/16/2019,1517.5,1,1514.899195,1501.158447,1488.113485,1476.953544,1534.67072,1521.825799,1508.980878,15.5,65.9,30.44451483,26.55342226,3.891092568,73.4628849
8/19/2019,1505.5,0,1511.76613,1501.94782,1490.286799,1479.672254,1537.590602,1522.329461,1507.068321,-5.4,34.9,28.97167676,27.03707316,1.934603598,66.53467411
8/20/2019,1509.7,1,1511.07742,1503.357307,1492.713449,1482.532039,1535.576605,1520.981044,1506.385483,1.8,31.4,27.82262498,27.19418353,0.628441451,67.68343855
8/21/2019,1509.6,1,1510.584947,1504.492342,1494.824268,1485.10994,1532.816593,1518.83924,1504.861887,-12,-3.6,26.59732657,27.07481214,-0.477485565,67.62391736
8/22/2019,1502.3,0,1507.823298,1504.093735,1495.758735,1486.747089,1525.933446,1515.727252,1505.521058,-22.8,-0.8,24.75189532,26.61022877,-1.85833345,63.25106686
8/23/2019,1531.4,1,1515.682198,1509.05851,1500.213893,1490.999747,1536.136345,1515.675651,1495.214957,13.9,29.4,25.34533927,26.35725087,-1.011911603,71.23595845
8/26/2019,1530.9,0,1520.754799,1513.02969,1504.049656,1494.799771,1542.198276,1518.123925,1494.049573,25.4,20,25.48156642,26.18211398,-0.700547565,70.95069728
8/27/2019,1545.6,1,1529.036533,1518.951565,1509.243449,1499.637888,1554.980896,1523.393912,1491.806927,35.9,37.7,26.47055844,26.23980287,0.230755565,74.2193532
8/28/2019,1542.8,1,1533.624355,1523.287644,1513.438018,1503.748565,1560.175757,1529.510337,1498.844917,33.2,21.2,26.72038913,26.33592012,0.384469004,72.54492734
8/29/2019,1533.7,1,1533.64957,1525.180799,1515.970766,1506.601083,1546.262905,1534.03219,1521.801475,31.4,8.6,25.88569364,26.24587483,-0.360181188,67.23586529
8/30/2019,1526.2,0,1531.16638,1525.366109,1517.24942,1508.467646,1550.338299,1535.761276,1521.184253,-5.2,8.7,24.33844568,25.864389,-1.525943319,63.13491144
9/2/2019,1555.9,1,1539.41092,1530.917725,1522.080743,1512.985013,1559.218689,1538.84985,1518.481011,25,50.4,25.21808393,25.73512798,-0.517044049,70.74464046
9/3/2019,1552.8,0,1543.873947,1534.896321,1525.92065,1516.776917,1565.238178,1542.812693,1520.387207,7.2,43.1,25.37258019,25.66261842,-0.290038237,69.1403774
9/4/2019,1557.2,1,1548.315964,1538.951535,1529.830569,1520.626734,1572.714798,1547.266938,1521.819077,14.4,47.6,25.5554752,25.64118978,-0.085714581,70.17420871
9/5/2019,1522.5,1,1539.710643,1535.960347,1528.914247,1520.805141,1577.932469,1547.383518,1516.834567,-11.2,20.2,22.63944736,25.0408413,-2.401393939,54.63046995
9/6/2019,1512.4,1,1530.607095,1531.676647,1526.849967,1520.004651,1580.503634,1542.763766,1505.023899,-13.8,-19,19.29111275,23.89089559,-4.599782834,51.08367043
9/9/2019,1508.1,1,1523.10473,1527.389984,1524.506221,1518.870875,1576.204744,1535.182799,1494.160854,-47.8,-22.8,16.10491199,22.33369887,-6.228786876,49.60702359
9/10/2019,1496.4,0,1514.203153,1521.755442,1520.992943,1516.730791,1566.980743,1525.564727,1484.148711,-56.4,-49.2,12.49173576,20.36530625,-7.873570487,45.7332955
9/11/2019,1500.5,0,1509.635436,1517.890816,1518.431325,1515.185002,1534.7145,1516.37486,1498.03522,-56.7,-42.3,9.845609244,18.26136685,-8.415757601,47.2867149
9/12/2019,1504.8,1,1508.023624,1515.510668,1516.72741,1514.195954,1520.58451,1509.375514,1498.166518,-17.7,-28.9,8.003252468,16.20974397,-8.206491502,48.93763289
9/13/2019,1496.8,0,1504.282416,1512.108728,1514.236483,1512.539196,1512.933588,1503.839062,1494.744536,-15.6,-29.4,5.830428754,14.13388093,-8.303452173,46.04812688
9/16/2019,1508.7,0,1505.754944,1511.488959,1513.544423,1512.173559,1510.505109,1501.047329,1491.589549,0.6,-47.2,5.01091811,12.30928836,-7.298370254,50.71020271
9/17/2019,1510.8,0,1507.436629,1511.363694,1513.20137,1512.042744,1511.020818,1500.723323,1490.425828,14.4,-42,4.479268253,10.74328434,-6.264016088,51.50656876
9/18/2019,1513,1,1509.291086,1511.661204,1513.176199,1512.133911,1513.548609,1502.162723,1490.776837,12.5,-44.2,4.187186249,9.432064723,-5.244878474,52.37469237
9/19/2019,1503.4,0,1507.327391,1510.159167,1511.954174,1511.30211,1514.934685,1503.297778,1491.660871,-1.4,-19.1,3.144817883,8.174615355,-5.029797472,48.3105072
9/20/2019,1512,0,1508.884927,1510.493864,1511.959902,1511.368576,1511.598636,1504.786412,1497.974188,15.2,-0.4,2.978349017,7.135362087,-4.15701307,51.91059665
9/23/2019,1527.8,0,1515.189951,1513.640434,1513.939914,1512.933473,1524.238281,1508.332559,1492.426837,19.1,19.7,4.074382253,6.52316612,-2.448783868,57.73480871
9/24/2019,1536.6,1,1522.326634,1517.814901,1516.772425,1515.187428,1538.019145,1514.109449,1490.199752,25.8,40.2,5.588660346,6.336264966,-0.747604619,60.59717629
9/25/2019,1508.9,0,1517.85109,1516.19401,1515.788372,1514.588625,1542.301025,1517.423211,1492.545398,-4.1,8.4,4.501685515,5.969349076,-1.46766356,49.28303091
9/26/2019,1511.7,1,1515.800726,1515.376917,1515.277326,1514.313518,1540.098726,1518.36028,1496.621835,8.3,6.9,3.822127622,5.539904785,-1.717777163,50.29332321
9/27/2019,1506.4,1,1512.667151,1513.74475,1514.16766,1513.55985,1540.811167,1517.169373,1493.52758,-5.6,9.6,2.823361436,4.996596115,-2.173234679,48.33077631
9/30/2019,1472.9,0,1499.411434,1506.318432,1509.009202,1509.687483,1551.591604,1510.950935,1470.310265,-54.9,-35.8,-0.663687415,3.864539409,-4.528226824,38.1873837
10/1/2019,1489,0,1495.940956,1503.169626,1506.508052,1507.717247,1533.199804,1503.699594,1474.199383,-47.6,-21.8,-2.103811872,2.670869153,-4.774681025,44.24383352
10/2/2019,1507.9,0,1499.927304,1504.029694,1506.682046,1507.734652,1528.756863,1499.548809,1470.340755,-1,-5.1,-1.700447138,1.796605895,-3.497053032,50.38907474
10/3/2019,1513.8,1,1504.551536,1505.806113,1507.57179,1508.312304,1529.21817,1499.161956,1469.105742,2.1,10.4,-0.894387051,1.258407306,-2.152794356,52.1616202
10/4/2019,1512.9,1,1507.334357,1507.095911,1508.237816,1508.749227,1533.004603,1501.102001,1469.1994,6.5,0.9,-0.324460919,0.941833661,-1.26629458,51.8572482
10/7/2019,1504.4,1,1506.356238,1506.605745,1507.758089,1508.335015,1520.938665,1502.987175,1485.035685,31.5,-23.4,-0.552302715,0.643006386,-1.1953091,48.95198781
10/8/2019,1503.9,0,1505.537492,1506.113792,1507.275828,1507.912633,1512.436855,1504.15444,1495.872024,14.9,-32.7,-0.764403236,0.361524461,-1.125927697,48.77886947
10/9/2019,1512.8,1,1507.958328,1507.329466,1507.966349,1508.378096,1514.567742,1505.700183,1496.832624,4.9,3.9,-0.2118962,0.246840329,-0.458736529,52.03079059
10/10/2019,1500.9,1,1505.605552,1506.160472,1507.083056,1507.665897,1516.015917,1506.135512,1496.255107,-12.9,-10.8,-0.725893295,0.052293604,-0.778186899,47.67264504
10/11/2019,1488.7,0,1499.970368,1502.985841,1504.785174,1505.859621,1519.753096,1504.157917,1488.562738,-24.2,-17.7,-2.093544656,-0.376874048,-1.716670608,43.63716346
10/14/2019,1497.6,1,1499.180245,1502.006597,1503.887027,1505.07299,1517.49476,1501.739939,1485.985117,-6.8,24.7,-2.431236809,-0.7877466,-1.643490209,47.15172989
10/15/2019,1483.5,0,1493.953497,1498.641761,1501.338649,1503.01842,1518.353528,1498.038017,1477.722506,-20.4,-5.5,-3.792890356,-1.388775351,-2.404115005,42.61771572
10/16/2019,1494,0,1493.968998,1497.797805,1500.421318,1502.159523,1507.462294,1495.027118,1482.591942,-18.8,-13.9,-3.978882276,-1.906796736,-2.07208554,46.72595548
10/17/2019,1498.3,1,1495.412665,1497.889113,1500.156153,1501.791949,1504.847173,1493.629045,1482.410917,-2.6,-15.5,-3.736239111,-2.272685211,-1.4635539,48.35659024
10/18/2019,1494.1,1,1494.97511,1497.200183,1499.399134,1501.059383,1503.638558,1493.038181,1482.437804,5.4,-18.8,-3.838598578,-2.585867884,-1.252730694,46.84824798
10/21/2019,1488.1,1,1492.683407,1495.545604,1497.986742,1499.825156,1502.538238,1492.155175,1481.772112,-9.5,-16.3,-4.353682507,-2.939430809,-1.414251698,44.70304694
10/22/2019,1487.5,0,1490.955605,1494.082767,1496.675899,1498.651331,1499.066886,1490.930056,1482.793227,4,-16.4,-4.755486925,-3.302642032,-1.452844893,44.4836856
10/23/2019,1495.7,0,1492.53707,1494.37681,1496.553912,1498.370252,1499.103957,1490.594574,1482.085191,1.7,-17.1,-4.361966318,-3.514506889,-0.847459429,48.22312168
10/24/2019,1504.7,0,1496.59138,1496.253753,1497.572173,1498.973085,1504.598499,1492.126193,1479.653888,6.4,3.8,-3.285994717,-3.468804455,0.182809738,52.04138162
10/25/2019,1505.3,1,1499.494253,1497.898525,1498.538151,1499.575649,1510.286074,1494.882386,1479.478698,11.2,16.6,-2.357686543,-3.246580873,0.88889433,52.29396014
10/28/2019,1495.8,1,1498.262835,1497.516975,1498.195882,1499.216063,1510.07859,1496.861631,1483.644672,7.7,-1.8,-2.361346103,-3.069533919,0.708187815,47.98481958
10/29/2019,1490.7,0,1495.74189,1496.277525,1497.258897,1498.405009,1508.537618,1497.201587,1485.865556,3.2,7.2,-2.744140961,-3.004455327,0.260314367,45.80278193
10/30/2019,1500.2,0,1497.227927,1496.990703,1497.626535,1498.575961,1508.507976,1497.474499,1486.441023,4.5,6.2,-2.254944442,-2.85455315,0.599608708,50.33343312
10/31/2019,1518.3,1,1504.251951,1500.86512,1500.210718,1500.454441,1518.975774,1500.088064,1481.200353,13.6,20,-0.402098799,-2.36406228,1.961963481,57.6051418
11/1/2019,1514.9,1,1507.801301,1503.416917,1502.046878,1501.830208,1525.454863,1503.879544,1482.304225,9.6,20.8,0.782918143,-1.734666195,2.517584339,55.94806578
11/4/2019,1514.7,1,1510.100867,1505.468386,1503.628519,1503.055903,1528.863986,1507.727628,1486.591271,18.9,26.6,1.686473661,-1.050438224,2.736911885,55.84629776
11/5/2019,1487.6,0,1502.600578,1502.219589,1501.624954,1501.583912,1531.001767,1507.817428,1484.633088,-3.1,0.1,0.213345093,-0.797681561,1.011026654,44.13226462
11/6/2019,1496.8,1,1500.667052,1501.234209,1501.021835,1501.128301,1530.12846,1505.989993,1481.851525,-3.4,1.1,-0.209343615,-0.680013971,0.470670356,48.1113874
11/7/2019,1469.9,1,1490.411368,1495.53708,1497.131605,1498.154177,1534.527339,1500.395032,1466.262724,-48.4,-34.8,-2.683993245,-1.080809826,-1.603183419,39.29795034
11/8/2019,1466.4,1,1482.407579,1490.239429,1493.290155,1495.12997,1527.916907,1492.359314,1456.801722,-48.5,-38.9,-4.871436765,-1.838935214,-3.032501551,38.31448101
11/11/2019,1460.6,1,1475.138386,1484.850442,1489.203885,1491.841401,1510.598239,1483.272178,1455.946117,-54.1,-35.2,-6.992408904,-2.869629952,-4.122778952,36.67644737
11/12/2019,1457.2,0,1469.158924,1479.823089,1485.2034,1488.54222,1502.425382,1474.379021,1446.332659,-30.4,-33.5,-8.845678712,-4.064839704,-4.780839008,35.71258125
11/13/2019,1466.8,0,1468.372616,1477.455255,1482.902975,1486.471533,1477.122316,1467.911539,1458.700763,-30,-33.4,-9.431053306,-5.138082424,-4.292970881,40.46970541
11/14/2019,1476.9,1,1471.215077,1477.354299,1482.152603,1485.559958,1478.635837,1465.209653,1451.78347,7,-41.4,-8.976505728,-5.905767085,-3.070738643,45.07466708
11/15/2019,1472,0,1471.476718,1476.38079,1480.883527,1484.268534,1479.180685,1464.769578,1450.358471,5.6,-42.9,-8.908965537,-6.506406775,-2.402558762,43.32371962
11/18/2019,1475.4,0,1472.784479,1476.202465,1480.198087,1483.423911,1480.155222,1465.892767,1451.630313,14.8,-39.3,-8.483297689,-6.901784958,-1.581512731,44.92247681
11/19/2019,1477.8,1,1474.456319,1476.492926,1479.898326,1482.888301,1476.051794,1468.031419,1460.011045,20.6,-9.8,-7.86166849,-7.093761665,-0.767906825,46.07874393
11/20/2019,1477.5,1,1475.470879,1476.67603,1479.598535,1482.375129,1474.711858,1470.457166,1466.202475,10.7,-19.3,-7.308977026,-7.136804737,-0.172172289,45.94889048
11/21/2019,1467.1,0,1472.680586,1474.934934,1478.036218,1480.920355,1479.492957,1471.480367,1463.467777,-9.8,-2.8,-7.622293093,-7.233902408,-0.388390685,41.57487251
11/22/2019,1467.3,1,1470.887058,1473.546764,1476.694191,1479.623178,1480.932594,1471.284879,1461.637164,-4.7,0.9,-7.764950489,-7.340112024,-0.424838465,41.68982839
11/25/2019,1460.5,0,1467.424705,1471.174625,1474.669917,1477.801923,1482.993857,1469.636252,1456.278647,-14.9,-0.1,-8.330679782,-7.538225576,-0.792454206,38.88818533
11/26/2019,1464.4,1,1466.41647,1469.942875,1473.386177,1476.52555,1478.980563,1467.712484,1456.444405,-13.4,7.2,-8.36786735,-7.704153931,-0.66371342,41.32367332
11/27/2019,1460.8,0,1464.544313,1468.280534,1471.812905,1475.027878,1471.510994,1465.635758,1459.760522,-16.7,-6,-8.588822085,-7.881087562,-0.707734524,39.74893329
11/28/2019,1472.7,0,1467.262876,1469.084073,1471.923792,1474.806176,1474.173329,1465.107701,1456.042074,5.6,-4.2,-7.714768706,-7.84782379,0.133055085,46.94602474
11/29/2019,1472.7,1,1469.07525,1469.741515,1472.020818,1474.605587,1476.825528,1465.893447,1454.961366,5.4,0.7,-6.942051457,-7.666669324,0.724617867,46.94602474
12/2/2019,1469.2,0,1469.116834,1469.643057,1471.668216,1474.09077,1476.339256,1466.940873,1457.54249,8.7,-6.2,-6.536736787,-7.440682816,0.903946029,45.10806121
12/3/2019,1484.4,1,1474.211222,1472.326138,1473.259689,1475.072601,1484.802898,1469.623649,1454.4444,20,6.6,-4.932154219,-6.938977097,2.006822878,53.60346197
12/4/2019,1480.2,0,1476.207482,1473.757749,1474.127228,1475.560925,1483.954737,1472.780051,1461.605366,19.4,2.7,-3.953838484,-6.341949374,2.388110891,51.24350277
12/5/2019,1483.1,1,1478.504988,1475.45634,1475.248824,1476.278932,1487.921222,1476.011293,1464.101365,10.4,16,-2.910954777,-5.655750455,2.744795678,52.78906897
12/6/2019,1465.1,1,1474.036658,1473.573369,1473.980221,1475.214272,1492.333324,1476.767721,1461.202117,-7.6,-2.2,-3.496604809,-5.223921326,1.727316516,43.55922343
12/9/2019,1464.9,0,1470.991106,1471.996393,1472.845194,1474.23196,1492.877789,1475.452015,1458.026241,-4.3,4.4,-3.931554495,-4.965447959,1.033893464,43.46828131
12/10/2019,1468.1,0,1470.027404,1471.287958,1472.252044,1473.647964,1489.050549,1473.473951,1457.897353,-16.3,3.7,-3.972252346,-4.766808837,0.794556491,45.43133832
12/11/2019,1475,1,1471.684936,1471.962875,1472.595539,1473.776729,1486.297906,1472.368025,1458.438143,-5.2,14.2,-3.408442943,-4.495135658,1.086692715,49.50315976
12/12/2019,1472.3,0,1471.889957,1472.02417,1472.558596,1473.636088,1479.84976,1471.865375,1463.880991,-10.8,-0.4,-3.14325389,-4.224759304,1.081505414,47.99401176
12/13/2019,1481.2,1,1474.993305,1473.692503,1473.638772,1474.356461,1484.035993,1472.761242,1461.486492,16.1,8.5,-2.189692622,-3.817745968,1.628053346,53.07252959
12/16/2019,1480.5,0,1476.82887,1474.93023,1474.496425,1474.94156,1484.375119,1474.467223,1464.559327,15.6,11.3,-1.473487154,-3.348894205,1.875407051,52.63714936
12/17/2019,1480.6,1,1478.085913,1475.961097,1475.259372,1475.480459,1483.574127,1476.37924,1469.184353,12.5,-3.8,-0.88758843,-2.85663305,1.96904462,52.69684954
12/18/2019,1478.7,0,1478.290609,1476.459079,1475.689451,1475.787082,1484.452477,1477.876642,1471.300808,3.7,-1.5,-0.570002951,-2.39930703,1.829304079,51.37189295
12/19/2019,1484.4,1,1480.327073,1477.902883,1476.778269,1476.60736,1483.230673,1479.5139,1475.797128,12.1,1.3,0.140014195,-1.891442785,2.03145698,55.02524668
12/20/2019,1480.9,0,1480.518048,1478.447813,1477.293486,1477.016183,1484.468618,1480.751845,1477.035072,-0.3,15.8,0.415497553,-1.430054718,1.84555227,52.42096907
12/23/2019,1488.7,0,1483.245366,1480.311847,1478.7193,1478.128927,1489.494052,1482.421175,1475.348297,8.2,23.8,1.248819299,-0.894279914,2.143099214,57.27415753
12/24/2019,1504.8,0,1490.430244,1484.764239,1481.979387,1480.669029,1504.776627,1486.200514,1467.6244,24.2,36.7,3.171805633,-0.081062805,3.252868438,65.17122309
12/26/2019,1514.4,0,1498.420162,1490.152559,1486.031964,1483.881503,1517.924326,1492.271068,1466.617811,35.7,39.4,5.40808489,1.016766734,4.391318156,68.86639434
12/27/2019,1518.1,0,1504.980108,1495.233912,1490.040469,1487.140407,1528.383678,1499.52557,1470.667462,33.7,45.8,7.393681631,2.292149714,5.101531918,70.17957752
12/30/2019,1521.6,0,1510.520072,1500.027746,1493.98541,1490.422273,1530.554891,1506.905655,1483.256418,40.7,40.4,9.144292393,3.662578249,5.481714143,71.40811846
12/31/2019,1526.5,0,1515.846715,1504.840883,1498.049734,1493.858247,1528.57747,1513.929931,1499.282392,37.8,46,10.80252826,5.090568252,5.71196001,73.08021064
1/2/2020,1531.4,0,1521.031143,1509.669814,1502.218517,1497.433652,1532.478548,1520.447255,1508.415963,26.6,50.8,12.36949336,6.546353274,5.823140089,74.67516682
1/3/2020,1555.5,0,1532.520762,1518.002575,1508.878702,1502.963781,1555.170578,1528.71748,1502.264382,41.1,76.8,15.37871681,8.312825981,7.065890828,80.72429743
